0;sịp nam thun lạnh - sịp nam tam giác - sịp nam cao cấp Sunwish (combo 3);₫150.000;simbamall
1;sịp đùi nam hoạt hình - sịp đùi nam họa tiết đẹp, sịp nam cao cấp thun lạnh (combo 4);₫195.000;simbamall
2;Quần sooc cạp chun -Quanh Closet;₫72.000;quanhh23997
3;Combo 3 Quần Lót nam Milmumu - Chất liệu lụa sữa cao cấp - mặc như không mặc;₫199.000;tintinzxc
4;Quần Lót Nam Tam Giác Thông Hơi - Sịp Nam Xuất Nhật S32;₫24.000;hoanghai2911
5;Quần Lót Nam Thun Lạnh Tam Giác Cotton Co Giãn Quần Sịp Túi Zip Bạc S31;₫25.000;hoanghai2911
6;Thắt Lưng ⚡ Dây Da Nam Cao Cấp Phong Cách Hàn Quốc Da Thật 100%;₫89.000;victorysince1975
7;Áo sơ mi nam nữ dài tay Unisex Basic TRƠN Form rộng màu trắng và đen Chất cotton lụa mịn mát Bigsize,Áo sơ mi unisex SM1;₫17.000 - ₫81.000;2020blue
8;Áo RIPOFFF Logo Hoodie;₫490.000;ripofff.sg
9;Áo Lót Giữ Nhiệt Thể Thao Bóng Đá - Gym;₫31.125;gau194_official
10;Các Sản Phẩm Áo Khoác Hoodie Sweater Hiệu Uncover;₫350.000;luudangankhang
11;[Dây Lưng] Thắt Lưng Da Nam BAELLERRY Khóa Tự Động Cao Cấp. Dây Nịt Nam Da Bò 100% Chính Hãng Mạ Vàng Bạc Nam Tính GC99K;₫9.000 - ₫95.000;daiquanggroup
12;Quần đùi nam Quần sọt nam thun - FREESIZE từ 43-70kg - QDN15;₫28.000;thoitrangdepchobe
13;Bộ quần áo nam cộc tay, chất liệu vải Thun Cotton mùa hè mát nhẹ BTN39;₫150.000;haviastore
14;[Ảnh thật] Áo Văn Toàn (Special Edition) It’s Real Tee "cú ngã" chất liệu cotton cao cấp;₫99.000 - ₫159.010;clouddd64
15;Dây chuyền nam nữ titan không gỉ - Vòng cổ hình mặt cười sáng bóng;₫33.600;xuyenchishop97
16;[Mã SKAMA8 giảm 8% đơn 300K] Quần short nam WIND Unisex bóng rổ chữ V, quần đùi lửng thể thao nam nữ mặc nhà;₫99.000;wind_official
